Timestamp,Position_N,Position_E,Position_D,Velocity_N,Velocity_E,Velocity_D,Attitude_Roll,Attitude_Pitch,Attitude_Yaw,Motor_RPMs
1747351078.323084,-0.0020000000949949026,47.3979709,8.5461635,0.019999999552965164,-0.019999999552965164,0.029999999329447746,-0.008165266364812851,0.031762320548295975,90.857421875,0.0
1747351078.424228,-0.0020000000949949026,47.397971,8.5461635,0.019999999552965164,-0.019999999552965164,0.029999999329447746,-0.007732253987342119,0.03174789994955063,90.8554458618164,0
1747351078.5249474,-0.0020000000949949026,47.397971,8.5461635,0.019999999552965164,-0.019999999552965164,0.029999999329447746,-0.00711614778265357,0.031643904745578766,90.85254669189453,0
1747351078.6256685,-0.0010000000474974513,47.397971,8.5461634,0.019999999552965164,-0.019999999552965164,0.029999999329447746,-0.0067062280140817165,0.03154879808425903,90.8505859375,0
1747351078.7265325,-0.0010000000474974513,47.397971,8.5461634,0.019999999552965164,-0.019999999552965164,0.029999999329447746,-0.0060924990102648735,0.031397342681884766,90.84687805175781,0
1747351078.8271437,-0.0010000000474974513,47.397971,8.5461634,0.019999999552965164,-0.019999999552965164,0.029999999329447746,-0.005741487257182598,0.03134080022573471,90.8434066772461,0
1747351078.9278421,0.0,47.397971,8.5461634,0.019999999552965164,-0.029999999329447746,0.029999999329447746,-0.005259388126432896,0.031047610566020012,90.83824920654297,0
1747351079.0284457,0.0,47.397971,8.5461634,0.009999999776482582,-0.029999999329447746,0.029999999329447746,-0.005009325686842203,0.030900154262781143,90.8348617553711,0
1747351079.1291552,0.0,47.397971,8.5461634,0.009999999776482582,-0.029999999329447746,0.029999999329447746,-0.004695245996117592,0.03065999038517475,90.82994079589844,0
1747351079.2298002,0.0,47.397971,8.5461634,0.0,-0.03999999910593033,0.019999999552965164,-0.004648917820304632,0.030452469363808632,90.82670593261719,0
1747351079.3307304,0.0,47.397971,8.5461634,0.0,-0.03999999910593033,0.009999999776482582,-0.0043838536366820335,0.030135704204440117,90.82211303710938,0
1747351079.4313831,0.0010000000474974513,47.397971,8.5461634,0.0,-0.03999999910593033,0.0,-0.004325305111706257,0.02986692450940609,90.81924438476562,0
1747351079.5320258,0.003000000026077032,47.397971,8.5461634,0.0,-0.03999999910593033,-0.029999999329447746,-0.004159493837505579,0.02955038845539093,90.8150634765625,0
1747351079.6327384,0.004000000189989805,47.397971,8.5461634,0.0,-0.029999999329447746,-0.04999999701976776,-0.004098227247595787,0.029220769181847572,90.80862426757812,0
1747351079.7337494,0.007000000216066837,47.397971,8.5461634,0.0,-0.029999999329447746,-0.07999999821186066,-0.0039038718678057194,0.028826337307691574,90.78864288330078,0
1747351079.834456,0.009000000543892384,47.397971,8.5461634,0.0,-0.029999999329447746,-0.10999999940395355,-0.0037666610442101955,0.027319619432091713,90.76519775390625,0
1747351079.9354148,0.014000000432133675,47.397971,8.5461634,0.0,-0.029999999329447746,-0.14999999105930328,-0.0006427314947359264,0.017456218600273132,90.70760345458984,0
1747351080.0360942,0.018000001087784767,47.397971,8.5461634,0.0,-0.029999999329447746,-0.17999999225139618,0.013559862039983273,0.0009904844919219613,90.6473388671875,0
1747351080.136871,0.024000000208616257,47.397971,8.5461634,0.0,-0.019999999552965164,-0.2199999988079071,0.0124575300142169,-0.035720035433769226,90.53910064697266,0
1747351080.237486,0.029000001028180122,47.397971,8.5461634,-0.009999999776482582,-0.019999999552965164,-0.25,0.02228771150112152,-0.06881996989250183,90.44233703613281,0
1747351080.338146,0.03800000250339508,47.397971,8.5461634,-0.009999999776482582,-0.019999999552965164,-0.28999999165534973,0.0644800066947937,-0.12462350726127625,90.2536392211914,0
1747351080.4387858,0.04400000348687172,47.3979709,8.5461634,-0.009999999776482582,-0.019999999552965164,-0.3199999928474426,0.10841714590787888,-0.16192810237407684,90.09561157226562,0
1747351080.5394397,0.05400000140070915,47.3979709,8.5461634,-0.009999999776482582,-0.009999999776482582,-0.35999998450279236,0.17842748761177063,-0.21532727777957916,89.8095474243164,0
1747351080.6400352,0.06200000271201134,47.3979709,8.5461634,-0.019999999552965164,-0.009999999776482582,-0.38999998569488525,0.21922729909420013,-0.24918930232524872,89.58592987060547,0
1747351080.740634,0.07400000095367432,47.3979709,8.5461634,-0.019999999552965164,-0.009999999776482582,-0.429999977350235,0.27052757143974304,-0.2977120578289032,89.20042419433594,0
1747351080.8414729,0.08300000429153442,47.3979709,8.5461634,-0.019999999552965164,0.0,-0.44999998807907104,0.30290487408638,-0.32804539799690247,88.9096450805664,0
1747351080.9421377,0.09700000286102295,47.3979709,8.5461634,-0.019999999552965164,0.0,-0.47999998927116394,0.3557507395744324,-0.3695644736289978,88.42216491699219,0
1747351081.0428646,0.10600000619888306,47.3979709,8.5461634,-0.019999999552965164,0.0,-0.4899999797344208,0.39364853501319885,-0.39396968483924866,88.06253051757812,0
1747351081.1435156,0.1210000067949295,47.3979709,8.5461634,-0.029999999329447746,0.0,-0.5,0.4492878317832947,-0.4258462190628052,87.4712142944336,0
1747351081.2443948,0.13100001215934753,47.3979709,8.5461634,-0.029999999329447746,0.0,-0.5,0.48277556896209717,-0.44413071870803833,87.04240417480469,0
1747351081.3450634,0.14600001275539398,47.3979709,8.5461634,-0.029999999329447746,0.0,-0.4899999797344208,0.5257133841514587,-0.4676589071750641,86.34716796875,0
1747351081.4457648,0.15600000321865082,47.397970799999996,8.5461634,-0.029999999329447746,0.0,-0.4899999797344208,0.5503185391426086,-0.4809049963951111,85.84889221191406,0
1747351081.5463426,0.17100000381469727,47.397970799999996,8.5461635,-0.029999999329447746,0.009999999776482582,-0.47999998927116394,0.58376544713974,-0.4979459047317505,85.04920196533203,0
1747351081.6470864,0.18000000715255737,47.397970799999996,8.5461635,-0.029999999329447746,0.009999999776482582,-0.47999998927116394,0.6042556166648865,-0.5074301958084106,84.48136901855469,0
1747351081.7476985,0.19500000774860382,47.397970799999996,8.5461635,-0.029999999329447746,0.009999999776482582,-0.4899999797344208,0.6320311427116394,-0.5184761881828308,83.57698822021484,0
1747351081.8484251,0.20400001108646393,47.397970799999996,8.5461635,-0.029999999329447746,0.009999999776482582,-0.5099999904632568,0.6479449272155762,-0.5237689018249512,82.93913269042969,0
1747351081.9490888,0.21900001168251038,47.397970799999996,8.5461635,-0.03999999910593033,0.009999999776482582,-0.5399999618530273,0.6669769883155823,-0.5292912125587463,81.92913818359375,0
1747351082.049786,0.23000000417232513,47.397970799999996,8.5461635,-0.03999999910593033,0.009999999776482582,-0.5699999928474426,0.6764379739761353,-0.5315471887588501,81.2205810546875,0
1747351082.1505654,0.2460000067949295,47.397970699999995,8.5461636,-0.03999999910593033,0.019999999552965164,-0.6200000047683716,0.6865867376327515,-0.5327459573745728,80.10514831542969,0
1747351082.2513177,0.2580000162124634,47.397970699999995,8.5461636,-0.03999999910593033,0.019999999552965164,-0.6599999666213989,0.6914641857147217,-0.5324403047561646,79.32704162597656,0
1747351082.3521085,0.2770000100135803,47.397970699999995,8.5461636,-0.03999999910593033,0.019999999552965164,-0.7299999594688416,0.6961048245429993,-0.5297811627388,78.10687255859375,0
1747351082.452911,0.29100000858306885,47.397970699999995,8.5461636,-0.03999999910593033,0.019999999552965164,-0.7799999713897705,0.6973867416381836,-0.5267113447189331,77.25827026367188,0
1747351082.5535476,0.3140000104904175,47.397970699999995,8.5461636,-0.03999999910593033,0.019999999552965164,-0.85999995470047,0.6962169408798218,-0.5202504396438599,75.93276977539062,0
1747351082.6542382,0.33000001311302185,47.397970699999995,8.5461637,-0.029999999329447746,0.019999999552965164,-0.9099999666213989,0.693575918674469,-0.5152043700218201,75.01354217529297,0
1747351082.7553713,0.35600000619888306,47.397970699999995,8.5461637,-0.029999999329447746,0.029999999329447746,-0.9899999499320984,0.6869611740112305,-0.506087601184845,73.58202362060547,0
1747351082.8560214,0.3750000298023224,47.397970699999995,8.5461637,-0.029999999329447746,0.029999999329447746,-1.0399999618530273,0.6811420321464539,-0.498798668384552,72.592529296875,0
1747351082.9569561,0.4050000309944153,47.397970699999995,8.5461637,-0.029999999329447746,0.029999999329447746,-1.1100000143051147,0.6709966063499451,-0.48636478185653687,71.04997253417969,0
1747351083.0576377,0.42600002884864807,47.397970699999995,8.5461637,-0.029999999329447746,0.029999999329447746,-1.159999966621399,0.663378119468689,-0.47741472721099854,69.98451232910156,0
1747351083.1583674,0.45900002121925354,47.3979706,8.5461638,-0.029999999329447746,0.029999999329447746,-1.2200000286102295,0.6502698063850403,-0.46337538957595825,68.33364868164062,0
1747351083.2589679,0.4820000231266022,47.3979706,8.5461638,-0.029999999329447746,0.029999999329447746,-1.2599999904632568,0.6402761340141296,-0.4536604881286621,67.19816589355469,0
1747351083.3594234,0.5180000066757202,47.3979706,8.5461638,-0.029999999329447746,0.029999999329447746,-1.3199999332427979,0.6234552264213562,-0.43848446011543274,65.44466400146484,0
1747351083.460064,0.5430000424385071,47.3979706,8.5461638,-0.029999999329447746,0.029999999329447746,-1.350000023841858,0.611219048500061,-0.4280160069465637,64.24352264404297,0
1747351083.5609612,0.581000030040741,47.3979706,8.5461638,-0.029999999329447746,0.029999999329447746,-1.3899999856948853,0.591956377029419,-0.411907434463501,62.39612579345703,0
1747351083.6615937,0.6070000529289246,47.3979706,8.5461639,-0.029999999329447746,0.029999999329447746,-1.409999966621399,0.5784667730331421,-0.4010376036167145,61.131221771240234,0
1747351083.7621386,0.6470000147819519,47.3979706,8.5461639,-0.029999999329447746,0.029999999329447746,-1.4399999380111694,0.5572828054428101,-0.38472217321395874,59.18735122680664,0
1747351083.8627343,0.6740000247955322,47.3979706,8.5461639,-0.029999999329447746,0.029999999329447746,-1.459999918937683,0.542479932308197,-0.3737102448940277,57.86672592163086,0
1747351083.9631586,0.7150000333786011,47.3979706,8.5461639,-0.029999999329447746,0.029999999329447746,-1.4800000190734863,0.5196571946144104,-0.3575369119644165,55.85251998901367,0
1747351084.0641055,0.7420000433921814,47.3979706,8.5461639,-0.029999999329447746,0.029999999329447746,-1.4800000190734863,0.504009485244751,-0.3468409478664398,54.48973846435547,0
1747351084.1645546,0.7830000519752502,47.3979706,8.546164,-0.029999999329447746,0.029999999329447746,-1.46999990940094,0.480042040348053,-0.33125942945480347,52.4193229675293,0
1747351084.2654393,0.8100000619888306,47.3979706,8.546164,-0.019999999552965164,0.029999999329447746,-1.459999918937683,0.4639715254306793,-0.32147690653800964,51.02350997924805,0
1747351084.3658442,0.8500000238418579,47.3979706,8.546164,-0.019999999552965164,0.019999999552965164,-1.4299999475479126,0.4397817552089691,-0.3076394498348236,48.908138275146484,0
1747351084.4665885,0.8750000596046448,47.3979706,8.546164,-0.019999999552965164,0.019999999552965164,-1.399999976158142,0.42360594868659973,-0.2990553677082062,47.487552642822266,0
1747351084.5669103,0.9130000472068787,47.3979705,8.546164,-0.019999999552965164,0.019999999552965164,-1.3600000143051147,0.39930182695388794,-0.2872568368911743,45.34487533569336,0
1747351084.6676831,0.937000036239624,47.3979705,8.546164,-0.019999999552965164,0.019999999552965164,-1.3199999332427979,0.38295280933380127,-0.2800624370574951,43.911109924316406,0
1747351084.76896,0.9720000624656677,47.3979705,8.546164,-0.019999999552965164,0.019999999552965164,-1.2699999809265137,0.3583422303199768,-0.27039623260498047,41.7565803527832,0
1747351084.8697405,0.9950000643730164,47.3979705,8.546164,-0.019999999552965164,0.019999999552965164,-1.2300000190734863,0.3418196141719818,-0.26464638113975525,40.319976806640625,0
1747351084.9700737,1.027000069618225,47.3979705,8.546164,-0.019999999552965164,0.019999999552965164,-1.1699999570846558,0.3170720636844635,-0.2570597529411316,38.16880798339844,0
1747351085.0708735,1.0470000505447388,47.3979705,8.546164,-0.019999999552965164,0.019999999552965164,-1.1299999952316284,0.3006964325904846,-0.252849280834198,36.737579345703125,0
1747351085.1723087,1.0750000476837158,47.3979705,8.5461641,-0.019999999552965164,0.019999999552965164,-1.0799999237060547,0.2758452892303467,-0.24769943952560425,34.60200119018555,0
1747351085.2731354,1.093000054359436,47.3979705,8.5461641,-0.019999999552965164,0.009999999776482582,-1.0399999618530273,0.2591564655303955,-0.2450212836265564,33.18804931640625,0
1747351085.3737085,1.1190000772476196,47.3979705,8.5461641,-0.019999999552965164,0.009999999776482582,-0.9899999499320984,0.23414327204227448,-0.2425309121608734,31.08617401123047,0
1747351085.4745317,1.1350001096725464,47.3979705,8.5461641,-0.019999999552965164,0.009999999776482582,-0.9599999785423279,0.21755199134349823,-0.24149762094020844,29.69985008239746,0
1747351085.575296,1.158000111579895,47.3979705,8.5461641,-0.019999999552965164,0.009999999776482582,-0.9099999666213989,0.1933075338602066,-0.2409011572599411,27.64627456665039,0
1747351085.6759496,1.1720000505447388,47.3979705,8.5461641,-0.019999999552965164,0.009999999776482582,-0.8899999856948853,0.17772944271564484,-0.2411356270313263,26.29631805419922,0
1747351085.7770212,1.1920000314712524,47.3979705,8.5461641,-0.009999999776482582,0.009999999776482582,-0.8499999642372131,0.15481244027614594,-0.24246209859848022,24.286672592163086,0
1747351085.877661,1.2050000429153442,47.3979705,8.5461641,-0.009999999776482582,0.0,-0.8199999928474426,0.13958562910556793,-0.24388591945171356,22.96486473083496,0
1747351085.9783354,1.224000096321106,47.3979705,8.546164,-0.009999999776482582,0.0,-0.7899999618530273,0.11664869636297226,-0.24666856229305267,21.02042579650879,0
1747351086.0789907,1.2350000143051147,47.3979705,8.546164,-0.009999999776482582,0.0,-0.7699999809265137,0.10148539394140244,-0.24889864027500153,19.751461029052734,0
1747351086.1794977,1.252000093460083,47.3979705,8.546164,-0.009999999776482582,0.0,-0.7400000095367432,0.07919545471668243,-0.252533495426178,17.891498565673828,0
1747351086.280074,1.2630000114440918,47.3979705,8.546164,-0.009999999776482582,0.0,-0.7199999690055847,0.06487085670232773,-0.2552943825721741,16.68168830871582,0
1747351086.3806028,1.2780001163482666,47.3979705,8.546164,-0.009999999776482582,0.0,-0.699999988079071,0.04431438073515892,-0.2597876489162445,14.915011405944824,0
1747351086.4814765,1.2880001068115234,47.3979705,8.546164,-0.009999999776482582,0.0,-0.6899999976158142,0.030714048072695732,-0.26304158568382263,13.768839836120605,0
1747351086.5819952,1.3020000457763672,47.3979705,8.546164,0.0,0.0,-0.6599999666213989,0.010071626864373684,-0.2683204412460327,12.098550796508789,0
1747351086.682665,1.311000108718872,47.3979705,8.546164,0.0,0.0,-0.6499999761581421,-0.0037305692676454782,-0.27190181612968445,11.020195007324219,0
1747351086.7830791,1.3240001201629639,47.3979705,8.546164,0.0,0.0,-0.6299999952316284,-0.02353786677122116,-0.2774318754673004,9.456853866577148,0
1747351086.8840158,1.3320000171661377,47.3979705,8.546164,0.0,-0.009999999776482582,-0.6200000047683716,-0.03587588295340538,-0.2811243534088135,8.451188087463379,0
1747351086.9843392,1.3440001010894775,47.3979705,8.546164,0.0,-0.009999999776482582,-0.5999999642372131,-0.053149618208408356,-0.28661561012268066,6.99830436706543,0
1747351087.0850675,1.352000117301941,47.3979705,8.546164,0.0,-0.009999999776482582,-0.5899999737739563,-0.06439216434955597,-0.290373295545578,6.067364692687988,0
1747351087.1853538,1.3630000352859497,47.3979705,8.546164,0.0,-0.009999999776482582,-0.5799999833106995,-0.0811711922287941,-0.29665082693099976,4.708188533782959,0
1747351087.2859504,1.371000051498413,47.3979705,8.5461639,0.0,-0.009999999776482582,-0.5699999928474426,-0.09213163703680038,-0.3013046383857727,3.840151071548462,0
1747351087.3871207,1.3820000886917114,47.3979706,8.5461639,0.0,-0.009999999776482582,-0.550000011920929,-0.10773037374019623,-0.3082105219364166,2.595730781555176,0
1747351087.4877422,1.3890000581741333,47.3979706,8.5461639,0.0,-0.009999999776482582,-0.5399999618530273,-0.11757441610097885,-0.3125282824039459,1.8050767183303833,0
1747351087.5891714,1.3990000486373901,47.3979706,8.5461639,0.0,-0.009999999776482582,-0.5299999713897705,-0.1315469592809677,-0.31882351636886597,0.6772638559341431,0
1747351087.6898072,1.40500009059906,47.3979706,8.5461639,0.0,-0.009999999776482582,-0.5199999809265137,-0.14071989059448242,-0.3228054940700531,-0.036026813089847565,0
1747351087.7902067,1.415000081062317,47.3979706,8.5461639,0.0,-0.009999999776482582,-0.5099999904632568,-0.1543206125497818,-0.3286999762058258,-1.0482076406478882,0
1747351087.8908389,1.4210001230239868,47.3979706,8.5461639,0.0,-0.009999999776482582,-0.5,-0.1629752665758133,-0.3325672149658203,-1.6784108877182007,0
1747351087.991504,1.4310001134872437,47.3979706,8.5461639,0.0,-0.009999999776482582,-0.4899999797344208,-0.17540402710437775,-0.3385430574417114,-2.5669748783111572,0
1747351088.0921223,1.437000036239624,47.3979706,8.5461639,0.0,-0.009999999776482582,-0.47999998927116394,-0.1833941638469696,-0.34254446625709534,-3.121713399887085,0
1747351088.1928713,1.446000099182129,47.3979706,8.5461639,0.0,-0.009999999776482582,-0.4699999988079071,-0.19463853538036346,-0.3484063148498535,-3.898054838180542,0
1747351088.2934976,1.4510000944137573,47.3979706,8.5461639,0.0,-0.009999999776482582,-0.4599999785423279,-0.2015390843153,-0.3522965908050537,-4.378613471984863,0
1747351088.393967,1.4600000381469727,47.3979706,8.5461639,0.0,-0.009999999776482582,-0.44999998807907104,-0.2113943248987198,-0.35785070061683655,-5.044915199279785,0
1747351088.4947746,1.4660000801086426,47.3979706,8.5461639,0.0,-0.009999999776482582,-0.4399999976158142,-0.21782219409942627,-0.3614394962787628,-5.453428268432617,0
1747351088.5951312,1.474000096321106,47.3979706,8.5461639,0.0,-0.009999999776482582,-0.429999977350235,-0.2272436022758484,-0.36671358346939087,-6.01361608505249,0
1747351088.6960049,1.4790000915527344,47.3979706,8.5461638,0.0,-0.009999999776482582,-0.429999977350235,-0.233284592628479,-0.37010765075683594,-6.352462291717529,0
1747351088.796413,1.4870001077651978,47.3979706,8.5461638,0.0,-0.009999999776482582,-0.41999998688697815,-0.24222594499588013,-0.3747676908969879,-6.758845806121826,0
1747351088.897338,1.4930000305175781,47.3979706,8.5461638,0.0,-0.009999999776482582,-0.4099999964237213,-0.24803104996681213,-0.37781766057014465,-6.996118068695068,0
1747351088.9976645,1.5000001192092896,47.3979706,8.5461638,0.0,-0.009999999776482582,-0.3999999761581421,-0.25647231936454773,-0.3820255696773529,-7.303011894226074,0
1747351089.098932,1.505000114440918,47.3979706,8.5461638,0.0,-0.009999999776482582,-0.38999998569488525,-0.2619650363922119,-0.3846597969532013,-7.475330829620361,0
1747351089.1992445,1.5130001306533813,47.397970699999995,8.5461638,0.0,-0.009999999776482582,-0.38999998569488525,-0.27008649706840515,-0.388435035943985,-7.686742305755615,0
1747351089.2999806,1.5180001258850098,47.397970699999995,8.5461638,0.0,-0.009999999776482582,-0.3799999952316284,-0.27511531114578247,-0.3910372257232666,-7.797221660614014,0
1747351089.4002855,1.5250000953674316,47.397970699999995,8.5461638,0.0,-0.009999999776482582,-0.3700000047683716,-0.28220033645629883,-0.39496421813964844,-7.9187798500061035,0
1747351089.5009627,1.53000009059906,47.397970699999995,8.5461638,0.0,-0.009999999776482582,-0.3700000047683716,-0.2868371903896332,-0.3974164128303528,-7.982349395751953,0
1747351089.6012282,1.537000060081482,47.397970699999995,8.5461638,0.0,-0.009999999776482582,-0.35999998450279236,-0.2937164902687073,-0.40100646018981934,-8.036295890808105,0
1747351089.7018056,1.5420000553131104,47.397970699999995,8.5461638,0.0,-0.009999999776482582,-0.35999998450279236,-0.2981959581375122,-0.40310636162757874,-8.04554557800293,0
1747351089.8028932,1.5490000247955322,47.397970699999995,8.5461638,0.0,-0.009999999776482582,-0.3499999940395355,-0.3048954904079437,-0.4061620533466339,-8.02132511138916,0
1747351089.90353,1.5530000925064087,47.397970699999995,8.5461638,0.0,-0.009999999776482582,-0.3400000035762787,-0.3095182776451111,-0.40789201855659485,-7.980827331542969,0
1747351090.005023,1.5600000619888306,47.397970699999995,8.5461638,0.0,-0.009999999776482582,-0.3400000035762787,-0.31671974062919617,-0.4103643000125885,-7.885134696960449,0
1747351090.1057045,1.564000129699707,47.397970699999995,8.5461638,0.0,-0.009999999776482582,-0.32999998331069946,-0.3211965560913086,-0.4119097590446472,-7.818907260894775,0
1747351090.2060509,1.571000099182129,47.397970699999995,8.5461638,0.0,-0.009999999776482582,-0.32999998331069946,-0.3274786174297333,-0.41390836238861084,-7.7181620597839355,0
1747351090.30662,1.5760000944137573,47.397970699999995,8.5461638,0.0,-0.009999999776482582,-0.3199999928474426,-0.33148959279060364,-0.41498005390167236,-7.63120698928833,0
1747351090.4077623,1.5820000171661377,47.397970699999995,8.5461637,0.0,-0.009999999776482582,-0.3100000023841858,-0.33737918734550476,-0.4164484441280365,-7.4750165939331055,0
1747351090.5083115,1.5860000848770142,47.397970699999995,8.5461637,0.0,-0.009999999776482582,-0.3100000023841858,-0.3413761258125305,-0.4173610806465149,-7.354549407958984,0
1747351090.609496,1.593000054359436,47.397970699999995,8.5461637,0.0,-0.009999999776482582,-0.29999998211860657,-0.34745368361473083,-0.4184553623199463,-7.151037216186523,0
1747351090.7100203,1.5970001220703125,47.397970699999995,8.5461637,0.0,-0.009999999776482582,-0.29999998211860657,-0.3515772223472595,-0.4189201891422272,-7.001194000244141,0
1747351090.8110986,1.6040000915527344,47.397970699999995,8.5461637,0.0,-0.009999999776482582,-0.29999998211860657,-0.35757899284362793,-0.4194232225418091,-6.7537617683410645,0
1747351090.9115071,1.6080000400543213,47.397970699999995,8.5461637,0.0,-0.009999999776482582,-0.28999999165534973,-0.3613775670528412,-0.41976144909858704,-6.572636604309082,0
1747351091.0126238,1.6140000820159912,47.397970799999996,8.5461637,0.0,-0.009999999776482582,-0.28999999165534973,-0.36694473028182983,-0.42045876383781433,-6.284435272216797,0
1747351091.113125,1.6180000305175781,47.397970799999996,8.5461637,0.0,-0.009999999776482582,-0.28999999165534973,-0.3705793023109436,-0.42075908184051514,-6.081531524658203,0
1747351091.2146025,1.6250001192092896,47.397970799999996,8.5461637,0.0,-0.009999999776482582,-0.2800000011920929,-0.3758453130722046,-0.420908123254776,-5.762654781341553,0
1747351091.3151767,1.6290000677108765,47.397970799999996,8.5461637,0.0,-0.009999999776482582,-0.2800000011920929,-0.37929269671440125,-0.42077600955963135,-5.5411787033081055,0
1747351091.416263,1.6350001096725464,47.397970799999996,8.5461637,0.0,-0.009999999776482582,-0.26999998092651367,-0.38407018780708313,-0.42039698362350464,-5.196652412414551,0
1747351091.5167706,1.6390000581741333,47.397970799999996,8.5461637,0.0,-0.009999999776482582,-0.26999998092651367,-0.38721486926078796,-0.4198600649833679,-4.944612979888916,0
1747351091.617963,1.6450001001358032,47.397970799999996,8.5461637,0.0,-0.009999999776482582,-0.25999999046325684,-0.3918617069721222,-0.41882696747779846,-4.557591915130615,0
1747351091.718342,1.6490000486373901,47.397970799999996,8.5461637,0.0,-0.009999999776482582,-0.25999999046325684,-0.39440032839775085,-0.4180036187171936,-4.293331623077393,0
1747351091.8192525,1.6540000438690186,47.397970799999996,8.5461637,0.0,-0.009999999776482582,-0.25,-0.3976028859615326,-0.41669681668281555,-3.8876750469207764,0
1747351091.9196708,1.658000111579895,47.397970799999996,8.5461637,0.0,-0.009999999776482582,-0.25,-0.39982160925865173,-0.41580453515052795,-3.612126588821411,0
1747351092.0205128,1.6640000343322754,47.397970799999996,8.5461637,0.0,-0.009999999776482582,-0.23999999463558197,-0.4026021957397461,-0.4141794443130493,-3.1915462017059326,0
1747351092.1209054,1.6670000553131104,47.397970799999996,8.5461637,0.0,-0.009999999776482582,-0.23999999463558197,-0.4040420651435852,-0.4127464294433594,-2.9071643352508545,0
1747351092.2219214,1.6730000972747803,47.397970799999996,8.5461637,0.0,0.0,-0.22999998927116394,-0.40546438097953796,-0.410202294588089,-2.4767751693725586,0
1747351092.3222928,1.6760001182556152,47.397970799999996,8.5461637,0.0,0.0,-0.22999998927116394,-0.40590691566467285,-0.4082191288471222,-2.1874685287475586,0
1747351092.4232895,1.6810001134872437,47.397970799999996,8.5461637,0.0,0.0,-0.2199999988079071,-0.4059861898422241,-0.4045164883136749,-1.7501749992370605,0
1747351092.5236683,1.6850000619888306,47.397970799999996,8.5461637,0.0,0.0,-0.2199999988079071,-0.40557390451431274,-0.40153786540031433,-1.4575124979019165,0
1747351092.6248276,1.690000057220459,47.397970799999996,8.5461637,0.0,0.0,-0.2199999988079071,-0.4046178162097931,-0.39641380310058594,-1.0178923606872559,0
1747351092.7251706,1.693000078201294,47.397970799999996,8.5461637,0.0,0.0,-0.20999999344348907,-0.40352344512939453,-0.39251571893692017,-0.7247225046157837,0
1747351092.8264906,1.6980000734329224,47.397970799999996,8.5461637,0.0,0.0,-0.20999999344348907,-0.4013572931289673,-0.3861439824104309,-0.28578951954841614,0
1747351092.9268754,1.7020000219345093,47.397970799999996,8.5461637,0.0,0.0,-0.19999998807907104,-0.3996042311191559,-0.38174185156822205,0.009829876944422722,0
1747351093.0281043,1.7060000896453857,47.397970799999996,8.5461637,0.0,0.0,-0.19999998807907104,-0.39626508951187134,-0.3749511241912842,0.456950843334198,0
1747351093.1284769,1.7090001106262207,47.397970799999996,8.5461637,0.0,0.0,-0.19999998807907104,-0.39355581998825073,-0.37030133605003357,0.7525181174278259,0
1747351093.229694,1.7140001058578491,47.397970799999996,8.5461637,0.0,0.0,-0.1899999976158142,-0.38892924785614014,-0.3631966710090637,1.191088080406189,0
1747351093.330132,1.717000126838684,47.397970799999996,8.5461637,0.0,0.0,-0.1899999976158142,-0.38544929027557373,-0.358425110578537,1.4796732664108276,0
1747351093.4312491,1.721000075340271,47.397970799999996,8.5461637,0.0,0.0,-0.2199999988079071,-0.37963250279426575,-0.35103246569633484,1.9062190055847168,0
1747351093.5316353,1.725000023841858,47.397970799999996,8.5461637,0.0,0.0,-0.25,-0.3753134310245514,-0.34577351808547974,2.1859793663024902,0
1747351093.6326776,1.7320001125335693,47.397970799999996,8.5461637,-0.019999999552965164,0.0,-0.29999998211860657,-0.3683517873287201,-0.3374428153038025,2.5977864265441895,0
1747351093.7331228,1.7370001077651978,47.397970799999996,8.5461637,-0.04999999701976776,0.0,-0.3199999928474426,-0.3631829023361206,-0.33188048005104065,2.8669188022613525,0
1747351093.834343,1.7450001239776611,47.397970799999996,8.5461637,-0.07999999821186066,0.0,-0.32999998331069946,-0.3549884855747223,-0.3236737847328186,3.2618067264556885,0
1747351093.9347632,1.7500001192092896,47.397970799999996,8.5461637,-0.11999999731779099,0.0,-0.32999998331069946,-0.3492746353149414,-0.3183673322200775,3.5185840129852295,0
1747351094.0360239,1.7590000629425049,47.397970799999996,8.5461637,-0.17000000178813934,0.0,-0.32999998331069946,-0.33992934226989746,-0.31040337681770325,3.893648147583008,0
1747351094.1364613,1.7650001049041748,47.397970699999995,8.5461638,-0.20999999344348907,0.0,-0.3199999928474426,-0.33322393894195557,-0.304911732673645,4.136668682098389,0
1747351094.2374847,1.7730001211166382,47.397970699999995,8.5461638,-0.2800000011920929,0.0,-0.29999998211860657,-0.3227226734161377,-0.2963375747203827,4.489853858947754,0
1747351094.3378737,1.7780001163482666,47.3979706,8.5461638,-0.3199999928474426,0.0,-0.28999999165534973,-0.31554868817329407,-0.290485680103302,4.712686061859131,0
1747351094.4391916,1.78600013256073,47.3979705,8.5461638,-0.3999999761581421,0.0,-0.26999998092651367,-0.3039977252483368,-0.2815335690975189,5.035011291503906,0
1747351094.5395901,1.7910001277923584,47.3979705,8.5461638,-0.4599999785423279,0.0,-0.25999999046325684,-0.2959364056587219,-0.2757212221622467,5.2414655685424805,0
1747351094.6407788,1.7980000972747803,47.3979703,8.5461638,-0.5399999618530273,0.0,-0.23999999463558197,-0.28381770849227905,-0.2670890986919403,5.53810453414917,0
1747351094.741083,1.8020000457763672,47.397970199999996,8.5461638,-0.5999999642372131,0.0,-0.22999998927116394,-0.2756558954715729,-0.26142674684524536,5.727085113525391,0
1747351094.8424606,1.808000087738037,47.397970099999995,8.5461638,-0.699999988079071,0.0,-0.20999999344348907,-0.26319822669029236,-0.2528592050075531,5.996825695037842,0
1747351094.9429383,1.812000036239624,47.3979699,8.5461638,-0.7599999904632568,0.009999999776482582,-0.19999998807907104,-0.2546479105949402,-0.24717669188976288,6.167465686798096,0
1747351095.0443218,1.8170000314712524,47.3979697,8.5461638,-0.85999995470047,0.019999999552965164,-0.1899999976158142,-0.2411961853504181,-0.23874729871749878,6.407835960388184,0
1747351095.1448374,1.8200000524520874,47.397969599999996,8.5461638,-0.9300000071525574,0.019999999552965164,-0.17999999225139618,-0.23193514347076416,-0.23336820304393768,6.558165073394775,0
1747351095.2459803,1.8240001201629639,47.3979693,8.5461638,-1.0399999618530273,0.029999999329447746,-0.17000000178813934,-0.21853235363960266,-0.22552350163459778,6.769298076629639,0
1747351095.3465824,1.8270001411437988,47.3979691,8.5461638,-1.1100000143051147,0.03999999910593033,-0.1599999964237213,-0.21001708507537842,-0.2202562540769577,6.900659561157227,0
1747351095.4477134,1.8300000429153442,47.3979688,8.5461638,-1.2300000190734863,0.04999999701976776,-0.14999999105930328,-0.19756141304969788,-0.21232980489730835,7.083702564239502,0
1747351095.5480978,1.8330000638961792,47.3979686,8.5461639,-1.309999942779541,0.05999999865889549,-0.14999999105930328,-0.18948352336883545,-0.2070910930633545,7.196008682250977,0
1747351095.6491218,1.8360000848770142,47.397968299999995,8.5461639,-1.4199999570846558,0.07999999821186066,-0.14000000059604645,-0.1771266758441925,-0.19946691393852234,7.350270748138428,0
1747351095.7497244,1.8380000591278076,47.397968,8.5461639,-1.5,0.08999999612569809,-0.14000000059604645,-0.16854284703731537,-0.19447652995586395,7.446994781494141,0
1747351095.850859,1.8410000801086426,47.3979676,8.546164,-1.6200000047683716,0.11999999731779099,-0.11999999731779099,-0.15564961731433868,-0.18708397448062897,7.582945823669434,0
1747351095.9512599,1.842000126838684,47.3979673,8.546164,-1.6899999380111694,0.14000000059604645,-0.10999999940395355,-0.14707051217556,-0.18231689929962158,7.664393901824951,0
1747351096.0522149,1.8440001010894775,47.3979669,8.5461641,-1.7999999523162842,0.17000000178813934,-0.09999999403953552,-0.13452699780464172,-0.1749882698059082,7.773049354553223,0
1747351096.152602,1.8450000286102295,47.3979666,8.5461641,-1.8799999952316284,0.1899999976158142,-0.07999999821186066,-0.12652082741260529,-0.17000682651996613,7.8366923332214355,0
1747351096.2535398,1.8470001220703125,47.3979661,8.5461642,-1.9799998998641968,0.2199999988079071,-0.07000000029802322,-0.11485601216554642,-0.16240669786930084,7.919162273406982,0
1747351096.3539593,1.8470001220703125,47.3979657,8.5461643,-2.049999952316284,0.23999999463558197,-0.05999999865889549,-0.10731882601976395,-0.15726643800735474,7.965644359588623,0
1747351096.4549098,1.8480000495910645,47.397965199999994,8.5461644,-2.1599998474121094,0.2800000011920929,-0.04999999701976776,-0.09593174606561661,-0.14950625598430634,8.022518157958984,0
1747351096.5553153,1.8480000495910645,47.3979648,8.5461645,-2.2200000286102295,0.29999998211860657,-0.03999999910593033,-0.08816806226968765,-0.14418230950832367,8.051937103271484,0
1747351096.656314,1.8480000495910645,47.3979643,8.5461646,-2.319999933242798,0.3400000035762787,-0.029999999329447746,-0.07662029564380646,-0.1359560489654541,8.084094047546387,0
1747351096.7568502,1.8480000495910645,47.3979639,8.5461647,-2.379999876022339,0.3700000047683716,-0.029999999329447746,-0.06909994035959244,-0.1304933875799179,8.097923278808594,0
1747351096.8579493,1.8480000495910645,47.3979633,8.546164899999999,-2.4600000381469727,0.4099999964237213,-0.019999999552965164,-0.058165013790130615,-0.12262239307165146,8.107422828674316,0
1747351096.9583502,1.8480000495910645,47.397962899999996,8.546165,-2.509999990463257,0.4399999976158142,-0.009999999776482582,-0.05142353102564812,-0.11748115718364716,8.10639762878418,0
1747351097.0593002,1.8470001220703125,47.397962199999995,8.546165199999999,-2.5899999141693115,0.4899999797344208,0.0,-0.041872840374708176,-0.10947644710540771,8.094400405883789,0
1747351097.1596956,1.846000075340271,47.3979618,8.5461653,-2.6399998664855957,0.5199999809265137,0.0,-0.035996049642562866,-0.10386539995670319,8.07274055480957,0
1747351097.2607381,1.8450000286102295,47.397961099999996,8.546165499999999,-2.700000047683716,0.5699999928474426,0.0,-0.02785569056868553,-0.09545337408781052,8.030465126037598,0
1747351097.3611455,1.8450000286102295,47.3979607,8.5461657,-2.740000009536743,0.5999999642372131,0.0,-0.022653352469205856,-0.08997689187526703,7.9959635734558105,0
1747351097.4621744,1.843000054359436,47.39796,8.5461659,-2.799999952316284,0.6399999856948853,0.0,-0.01508777029812336,-0.08203115314245224,7.93481969833374,0
1747351097.562521,1.843000054359436,47.3979596,8.546166099999999,-2.8399999141693115,0.6699999570846558,0.0,-0.010046923533082008,-0.07691168785095215,7.888077259063721,0
1747351097.6636188,1.842000126838684,47.3979589,8.546166399999999,-2.879999876022339,0.7099999785423279,0.0,-0.002319502178579569,-0.06953061372041702,7.809373378753662,0
1747351097.763989,1.8410000801086426,47.3979584,8.5461666,-2.9099998474121094,0.75,0.0,0.0028911957051604986,-0.06473112851381302,7.751376152038574,0
1747351097.865015,1.8410000801086426,47.3979577,8.5461668,-2.950000047683716,0.7899999618530273,0.0,0.010691584087908268,-0.057775940746068954,7.655623912811279,0
1747351097.9654367,1.840000033378601,47.3979572,8.546166999999999,-2.9700000286102295,0.8199999928474426,0.0,0.015619434416294098,-0.05348359793424606,7.586517810821533,0
1747351098.0662632,1.840000033378601,47.3979565,8.5461674,-3.0,0.85999995470047,0.0,0.022477256134152412,-0.04743297025561333,7.476139545440674,0
1747351098.166695,1.840000033378601,47.397956099999995,8.5461676,-3.009999990463257,0.8899999856948853,0.0,0.026606986299157143,-0.04362811893224716,7.398219108581543,0
1747351098.2678514,1.840000033378601,47.3979554,8.5461679,-3.0299999713897705,0.9300000071525574,0.0,0.0323040597140789,-0.03816656768321991,7.275288105010986,0
1747351098.3682284,1.840000033378601,47.397954899999995,8.5461681,-3.0399999618530273,0.9599999785423279,0.0,0.035911910235881805,-0.03452900052070618,7.18967342376709,0
1747351098.4692087,1.840000033378601,47.3979542,8.5461685,-3.049999952316284,1.0,-0.009999999776482582,0.04089037701487541,-0.029219647869467735,7.056863307952881,0
1747351098.5696054,1.840000033378601,47.397953699999995,8.546168699999999,-3.049999952316284,1.0299999713897705,-0.019999999552965164,0.04395897686481476,-0.02562912367284298,6.966419696807861,0
1747351098.6704779,1.8410000801086426,47.397953,8.5461691,-3.049999952316284,1.0699999332427979,-0.029999999329447746,0.04817284643650055,-0.020348796620965004,6.826254844665527,0
1747351098.7708533,1.842000126838684,47.397952599999996,8.5461694,-3.049999952316284,1.090000033378601,-0.029999999329447746,0.05033833906054497,-0.016853999346494675,6.730505466461182,0
1747351098.8717556,1.843000054359436,47.397951899999995,8.5461698,-3.0399999618530273,1.1299999952316284,-0.03999999910593033,0.05261312425136566,-0.01156542543321848,6.583713531494141,0
1747351098.9720986,1.8440001010894775,47.3979514,8.54617,-3.0299999713897705,1.159999966621399,-0.03999999910593033,0.05381011962890625,-0.008032443933188915,6.48410177230835,0
1747351099.0729456,1.8450000286102295,47.3979508,8.5461704,-3.0199999809265137,1.1999999284744263,-0.03999999910593033,0.055693354457616806,-0.002798593370243907,6.332302093505859,0
1747351099.1733239,1.846000075340271,47.3979503,8.5461707,-3.0,1.2200000286102295,-0.03999999910593033,0.05691775679588318,0.0006609082920476794,6.229787349700928,0
1747351099.2742248,1.8480000495910645,47.3979497,8.5461712,-2.9800000190734863,1.2599999904632568,-0.03999999910593033,0.05841011554002762,0.005980611313134432,6.075666904449463,0
1747351099.3745756,1.849000096321106,47.3979493,8.5461714,-2.9600000381469727,1.2799999713897705,-0.03999999910593033,0.059367939829826355,0.009590291418135166,5.971955299377441,0
1747351099.4753685,1.8510000705718994,47.3979486,8.5461719,-2.929999828338623,1.309999942779541,-0.04999999701976776,0.06059548631310463,0.014630514197051525,5.815721035003662,0
1747351099.5757391,1.852000117301941,47.397948199999995,8.546172199999999,-2.9099998474121094,1.3399999141693115,-0.04999999701976776,0.06122520565986633,0.01781250350177288,5.711240291595459,0
1747351099.6766868,1.8540000915527344,47.397947599999995,8.5461727,-2.869999885559082,1.3700000047683716,-0.05999999865889549,0.0620434395968914,0.022712886333465576,5.554286956787109,0
1747351099.7771027,1.8550001382827759,47.3979472,8.546173,-2.8399999141693115,1.399999976158142,-0.05999999865889549,0.06258801370859146,0.026055166497826576,5.44984245300293,0
1747351099.878343,1.8580000400543213,47.3979466,8.546173399999999,-2.799999952316284,1.4299999475479126,-0.07000000029802322,0.06365693360567093,0.031005265191197395,5.293688774108887,0
1747351099.9787526,1.8590000867843628,47.3979462,8.5461738,-2.7699999809265137,1.4499999284744263,-0.07000000029802322,0.06433117389678955,0.03424939885735512,5.19458532333374,0
1747351100.0799828,1.8610000610351562,47.3979457,8.546174299999999,-2.7200000286102295,1.4900000095367432,-0.07000000029802322,0.0650022104382515,0.03876291587948799,5.047204971313477,0
1747351100.1803648,1.8630000352859497,47.397945299999996,8.546174599999999,-2.679999828338623,1.5099999904632568,-0.05999999865889549,0.06550177186727524,0.04169676825404167,4.949812412261963,0
1747351100.2814996,1.8650001287460327,47.3979448,8.5461751,-2.629999876022339,1.5399999618530273,-0.05999999865889549,0.06641235202550888,0.046103496104478836,4.805482864379883,0
1747351100.381895,1.8660000562667847,47.3979444,8.5461755,-2.5899999141693115,1.559999942779541,-0.05999999865889549,0.06703390181064606,0.04901522397994995,4.710450172424316,0
1747351100.483051,1.8680000305175781,47.3979439,8.546175999999999,-2.5299999713897705,1.5899999141693115,-0.05999999865889549,0.068075031042099,0.053442347794771194,4.570030212402344,0
1747351100.5835078,1.8700001239776611,47.3979436,8.546176299999999,-2.490000009536743,1.6100000143051147,-0.05999999865889549,0.0687570720911026,0.056312013417482376,4.4779205322265625,0
1747351100.6845348,1.8720000982284546,47.3979431,8.546176899999999,-2.429999828338623,1.6399999856948853,-0.07000000029802322,0.06977523863315582,0.060432564467191696,4.341247081756592,0
1747351100.7850726,1.873000144958496,47.397942799999996,8.546177199999999,-2.379999876022339,1.659999966621399,-0.07000000029802322,0.07041307538747787,0.06299658864736557,4.251528263092041,0
1747351100.88613,1.8760000467300415,47.3979424,8.546177799999999,-2.319999933242798,1.6899999380111694,-0.07000000029802322,0.0713132694363594,0.06640330702066422,4.119660377502441,0
1747351100.9865193,1.877000093460083,47.397942099999995,8.5461782,-2.2699999809265137,1.709999918937683,-0.07000000029802322,0.07199730724096298,0.06861390918493271,4.03385066986084,0
1747351101.0874085,1.880000114440918,47.3979417,8.5461787,-2.200000047683716,1.7300000190734863,-0.05999999865889549,0.07335031032562256,0.07176020741462708,3.908259153366089,0
1747351101.1877995,1.88100004196167,47.3979414,8.5461791,-2.1499998569488525,1.75,-0.05999999865889549,0.07427719980478287,0.07373746484518051,3.8267621994018555,0
1747351101.2887013,1.883000135421753,47.397940999999996,8.5461797,-2.0799999237060547,1.7799999713897705,-0.04999999701976776,0.07571998983621597,0.07651767134666443,3.7076523303985596,0
1747351101.3890553,1.8850001096725464,47.3979408,8.546180099999999,-2.0399999618530273,1.7899999618530273,-0.04999999701976776,0.07664721459150314,0.07832024246454239,3.630246639251709,0
1747351101.4899611,1.8870000839233398,47.3979405,8.546180699999999,-1.959999918937683,1.809999942779541,-0.04999999701976776,0.0783679336309433,0.08101010322570801,3.5177834033966064,0
1747351101.5903053,1.8880001306533813,47.3979402,8.5461811,-1.909999966621399,1.8299999237060547,-0.04999999701976776,0.07952912896871567,0.08272449672222137,3.445211172103882,0
1747351101.6913803,1.8900001049041748,47.3979399,8.5461817,-1.8299999237060547,1.8499999046325684,-0.05999999865889549,0.08151579648256302,0.08518587052822113,3.3398921489715576,0
1747351101.791894,1.8920000791549683,47.397939699999995,8.5461821,-1.7799999713897705,1.8700000047683716,-0.04999999701976776,0.08293718099594116,0.08686206489801407,3.2721457481384277,0
1747351101.8927412,1.8940000534057617,47.3979394,8.5461827,-1.6999999284744263,1.8899999856948853,-0.04999999701976776,0.0850873738527298,0.08906413614749908,3.174250364303589,0
1747351101.9931347,1.8950001001358032,47.397939199999996,8.5461831,-1.649999976158142,1.899999976158142,-0.04999999701976776,0.08664710074663162,0.09027571976184845,3.111445426940918,0
1747351102.0940363,1.8970000743865967,47.397939,8.5461837,-1.5699999332427979,1.9199999570846558,-0.03999999910593033,0.08886638283729553,0.09183875471353531,3.021317481994629,0
1747351102.1944387,1.8980001211166382,47.3979388,8.5461841,-1.5199999809265137,1.9299999475479126,-0.03999999910593033,0.09027370065450668,0.09275706112384796,2.9637184143066406,0
1747351102.2953455,1.9000000953674316,47.397938599999996,8.546184799999999,-1.4399999380111694,1.9499999284744263,-0.029999999329447746,0.0922921821475029,0.0941382497549057,2.881209135055542,0
1747351102.3957264,1.9010001420974731,47.3979384,8.5461852,-1.3899999856948853,1.959999918937683,-0.029999999329447746,0.09337811172008514,0.09501823037862778,2.828819751739502,0
1747351102.496717,1.902000069618225,47.3979383,8.5461858,-1.309999942779541,1.96999990940094,-0.029999999329447746,0.0947396457195282,0.09644170105457306,2.7540690898895264,0
1747351102.5970812,1.9030001163482666,47.3979381,8.5461862,-1.25,1.9799998998641968,-0.029999999329447746,0.09561564028263092,0.09739950299263,2.706770896911621,0
1747351102.6981044,1.90500009059906,47.397937999999996,8.5461869,-1.1699999570846558,1.9900000095367432,-0.029999999329447746,0.09745234996080399,0.09900651127099991,2.6395599842071533,0
1747351102.7984746,1.9060001373291016,47.397937899999995,8.5461873,-1.1200000047683716,2.0,-0.029999999329447746,0.0991620272397995,0.10030041635036469,9.523545265197754,0
1747351102.8994784,1.9070000648498535,47.3979377,8.5461879,-1.0399999618530273,2.0199999809265137,-0.029999999329447746,0.10178051888942719,0.10221288353204727,9.46406364440918,0
1747351102.999881,1.908000111579895,47.3979376,8.5461884,-0.9799999594688416,2.0199999809265137,-0.019999999552965164,0.10348401963710785,0.10333281010389328,9.42733097076416,0
1747351103.1009536,1.909000039100647,47.3979375,8.546189,-0.8999999761581421,2.0399999618530273,-0.019999999552965164,0.1060650423169136,0.10472752153873444,9.37659740447998,0
1747351103.201335,1.9100000858306885,47.3979375,8.546189499999999,-0.8499999642372131,2.0399999618530273,-0.009999999776482582,0.10784651339054108,0.1052180677652359,9.345733642578125,0
1747351103.3021822,1.91100013256073,47.397937399999996,8.5461901,-0.7699999809265137,2.049999952316284,-0.009999999776482582,0.11098964512348175,0.10569649189710617,9.303359031677246,0
1747351103.4025671,1.91100013256073,47.397937299999995,8.5461906,-0.7199999690055847,2.059999942779541,0.0,0.11316952109336853,0.10602609813213348,9.27723503112793,0
1747351103.5033908,1.912000060081482,47.397937299999995,8.546191199999999,-0.6399999856948853,2.069999933242798,-0.019999999552965164,0.11635971069335938,0.10698843002319336,9.117305755615234,0
1747351103.6037335,1.9130001068115234,47.3979372,8.5461917,-0.5699999928474426,2.069999933242798,-0.08999999612569809,0.11841170489788055,0.10798344016075134,8.970476150512695,0
1747351103.7048652,1.9170000553131104,47.3979372,8.5461923,-0.4699999988079071,2.059999942779541,-0.19999998807907104,0.1214570701122284,0.1095343828201294,8.750299453735352,0
1747351103.805253,1.9210001230239868,47.3979372,8.5461928,-0.429999977350235,2.0399999618530273,-0.25999999046325684,0.12343569099903107,0.11064667254686356,8.603165626525879,0
1747351103.9063964,1.9280000925064087,47.3979372,8.5461934,-0.3700000047683716,1.9900000095367432,-0.32999998331069946,0.12621665000915527,0.11196082830429077,8.380806922912598,0
1747351104.0070314,1.9340001344680786,47.3979372,8.5461938,-0.3499999940395355,1.9499999284744263,-0.35999998450279236,0.12802013754844666,0.11276700347661972,8.231062889099121,0
1747351104.1080153,1.9440001249313354,47.3979372,8.5461945,-0.3199999928474426,1.8700000047683716,-0.3799999952316284,0.1299741566181183,0.11379189044237137,7.988741874694824,0
1747351104.2084339,1.9520001411437988,47.3979372,8.5461949,-0.3100000023841858,1.809999942779541,-0.38999998569488525,0.13084115087985992,0.11435429006814957,7.805119037628174,0
1747351104.3095727,1.9620001316070557,47.3979372,8.5461954,-0.29999998211860657,1.71999990940094,-0.3799999952316284,0.13169223070144653,0.11522079259157181,7.525909900665283,0
1747351104.4099324,1.970000147819519,47.397937299999995,8.5461958,-0.29999998211860657,1.659999966621399,-0.35999998450279236,0.13229303061962128,0.11588109284639359,7.336904048919678,0
1747351104.511117,1.9810000658035278,47.397937299999995,8.5461963,-0.29999998211860657,1.5499999523162842,-0.35999998450279236,0.13350903987884521,0.11681658774614334,7.048982620239258,0
1747351104.6114767,1.9880000352859497,47.397937299999995,8.5461966,-0.28999999165534973,1.459999918937683,-0.3700000047683716,0.13415458798408508,0.11744984239339828,6.853932857513428,0
1747351104.7124534,1.999000072479248,47.397937299999995,8.546197,-0.28999999165534973,1.3399999141693115,-0.35999998450279236,0.13395997881889343,0.11825934052467346,6.556725025177002,0
1747351104.812821,2.00600004196167,47.397937299999995,8.5461973,-0.28999999165534973,1.2699999809265137,-0.3400000035762787,0.13318327069282532,0.11884883046150208,6.355427265167236,0
1747351104.9144282,2.015000104904175,47.397937299999995,8.5461977,-0.29999998211860657,1.159999966621399,-0.29999998211860657,0.1317223757505417,0.11966326832771301,6.105144500732422,0
1747351105.0148537,2.0210001468658447,47.397937299999995,8.5461979,-0.29999998211860657,1.090000033378601,-0.26999998092651367,0.13076139986515045,0.12015653401613235,5.935262680053711,0
1747351105.1159463,2.0290000438690186,47.3979372,8.5461982,-0.3100000023841858,0.9899999499320984,-0.2199999988079071,0.12955720722675323,0.12124057114124298,5.6792120933532715,0
1747351105.216459,2.0329999923706055,47.3979372,8.5461983,-0.3199999928474426,0.9199999570846558,-0.1899999976158142,0.12898488342761993,0.12192975729703903,5.510128021240234,0
1747351105.317742,2.0380001068115234,47.3979372,8.5461985,-0.3400000035762787,0.8199999928474426,-0.14000000059604645,0.12769751250743866,0.1230422779917717,5.258921146392822,0
1747351105.4182673,2.0400002002716064,47.3979372,8.5461987,-0.3499999940395355,0.7599999904632568,-0.10999999940395355,0.12647314369678497,0.12375769764184952,5.092978000640869,0
1747351105.5194178,2.0440001487731934,47.3979371,8.546198799999999,-0.3700000047683716,0.6299999952316284,-0.12999999523162842,0.1237419992685318,0.12465847283601761,4.846128463745117,0
1747351105.6199255,2.0460000038146973,47.3979371,8.5461989,-0.3799999952316284,0.5399999618530273,-0.14000000059604645,0.12152951210737228,0.12524953484535217,4.691278457641602,0
1747351105.7209802,2.0500001907348633,47.397937,8.5461989,-0.38999998569488525,0.41999998688697815,-0.14999999105930328,0.1181550994515419,0.12619194388389587,4.463130950927734,0
1747351105.8213868,2.052000045776367,47.397937,8.546199,-0.3999999761581421,0.35999998450279236,-0.14000000059604645,0.11592423170804977,0.12664441764354706,4.314116954803467,0
1747351105.9224875,2.055000066757202,47.3979369,8.546199,-0.4099999964237213,0.26999998092651367,-0.09999999403953552,0.11221908032894135,0.12699565291404724,4.095714092254639,0
1747351106.0228674,2.055999994277954,47.3979369,8.546199,-0.41999998688697815,0.20999999344348907,-0.07999999821186066,0.10939327627420425,0.1271483153104782,3.9544410705566406,0
1747351106.1241047,2.057000160217285,47.3979368,8.5461989,-0.429999977350235,0.12999999523162842,-0.03999999910593033,0.1045275628566742,0.127323180437088,3.7492899894714355,0
1747351106.2244835,2.058000087738037,47.3979368,8.5461989,-0.4399999976158142,0.07999999821186066,-0.009999999776482582,0.10116975009441376,0.12728875875473022,3.61670184135437,0
1747351106.3256447,2.057000160217285,47.397936699999995,8.546198799999999,-0.4599999785423279,0.009999999776482582,0.009999999776482582,0.09599094837903976,0.1271260529756546,3.4264912605285645,0
1747351106.426024,2.057000160217285,47.3979366,8.5461987,-0.4699999988079071,-0.029999999329447746,0.03999999910593033,0.09241737425327301,0.12709343433380127,3.3057022094726562,0
1747351106.5274155,2.055999994277954,47.3979365,8.5461986,-0.4899999797344208,-0.11999999731779099,-0.009999999776482582,0.08694800734519958,0.1271037459373474,3.130750894546509,0
1747351106.6278455,2.055999994277954,47.3979365,8.5461985,-0.4899999797344208,-0.17999999225139618,-0.04999999701976776,0.08318761736154556,0.12729239463806152,3.0181033611297607,0
1747351106.729036,2.057000160217285,47.3979364,8.5461983,-0.5,-0.25999999046325684,-0.07999999821186066,0.07725568115711212,0.12766291201114655,2.855170965194702,0
1747351106.8294125,2.058000087738037,47.3979363,8.5461982,-0.5,-0.28999999165534973,-0.07999999821186066,0.07327257841825485,0.12809494137763977,2.7513277530670166,0
1747351106.930538,2.059000015258789,47.3979362,8.546198,-0.5,-0.3499999940395355,-0.05999999865889549,0.06737485527992249,0.12864769995212555,2.602551221847534,0
1747351107.0309095,2.059000015258789,47.3979362,8.5461978,-0.5,-0.3700000047683716,-0.03999999910593033,0.06344205886125565,0.12894469499588013,2.507345676422119,0
1747351107.1319838,2.059000015258789,47.397936099999995,8.5461976,-0.5099999904632568,-0.4099999964237213,-0.009999999776482582,0.057596854865550995,0.12939734756946564,2.370701551437378,0
1747351107.232346,2.059000015258789,47.397936,8.5461975,-0.5099999904632568,-0.4399999976158142,0.009999999776482582,0.05389661714434624,0.12994608283042908,2.2843291759490967,0
1747351107.333423,2.059000015258789,47.3979359,8.5461972,-0.5099999904632568,-0.4699999988079071,0.03999999910593033,0.048360876739025116,0.13130931556224823,2.161776065826416,0
1747351107.4338455,2.058000087738037,47.3979358,8.546197099999999,-0.5099999904632568,-0.4899999797344208,0.05999999865889549,0.044613856822252274,0.13237912952899933,2.0842957496643066,0
1747351107.5349932,2.055999994277954,47.3979357,8.546196799999999,-0.5199999809265137,-0.5299999713897705,0.019999999552965164,0.03903855010867119,0.1337769329547882,1.974334955215454,0
1747351107.6354272,2.055999994277954,47.3979356,8.5461967,-0.5099999904632568,-0.5399999618530273,0.009999999776482582,0.03528532758355141,0.13459952175617218,1.9055887460708618,0
1747351107.7358196,2.055000066757202,47.3979356,8.5461964,-0.5099999904632568,-0.5699999928474426,0.0,0.02966645546257496,0.13559553027153015,1.8208459615707397,0
1747351107.836329,2.055000066757202,47.397935499999996,8.5461963,-0.5,-0.5799999833106995,0.009999999776482582,0.025933224707841873,0.13636375963687897,1.7684667110443115,0
1747351107.9367688,2.05400013923645,47.397935399999994,8.546196,-0.5,-0.5899999737739563,0.029999999329447746,0.020326467230916023,0.13770362734794617,1.695921778678894,0
1747351108.0372536,2.0530002117156982,47.3979353,8.546195899999999,-0.4899999797344208,-0.5899999737739563,0.03999999910593033,0.016898484900593758,0.13858027756214142,1.651738166809082,0
1747351108.1376379,2.052000045776367,47.3979353,8.5461957,-0.47999998927116394,-0.5999999642372131,0.07000000029802322,0.011701509356498718,0.13999520242214203,1.5914090871810913,0
1747351108.2380583,2.0510001182556152,47.3979352,8.5461955,-0.47999998927116394,-0.5999999642372131,0.08999999612569809,0.0081690838560462,0.14091990888118744,1.5549918413162231,0
1747351108.3384485,2.0480000972747803,47.3979351,8.546195299999999,-0.4699999988079071,-0.5999999642372131,0.10999999940395355,0.0037190106231719255,0.1421193927526474,1.5060876607894897,0
1747351108.4388382,2.0460000038146973,47.3979351,8.5461952,-0.4599999785423279,-0.5999999642372131,0.11999999731779099,0.0015169254038482904,0.1580388844013214,1.4728360176086426,0
1747351108.5394986,2.0440001487731934,47.397935,8.546194999999999,-0.44999998807907104,-0.5899999737739563,0.07999999821186066,0.008503866381943226,0.5457649827003479,1.4293782711029053,0
1747351108.6399078,2.0429999828338623,47.397934899999996,8.5461948,-0.4399999976158142,-0.5899999737739563,0.04999999701976776,0.024177050217986107,1.2177085876464844,1.4052709341049194,0
1747351108.7403162,2.0420000553131104,47.397934899999996,8.5461946,-0.41999998688697815,-0.5699999928474426,0.029999999329447746,0.05984869599342346,2.7597575187683105,1.376638412475586,0
1747351108.840724,2.0410001277923584,47.397934799999994,8.5461945,-0.4099999964237213,-0.5600000023841858,0.03999999910593033,0.08486773818731308,3.9387898445129395,1.3622851371765137,0
1747351108.9411228,2.0400002002716064,47.397934799999994,8.5461944,-0.38999998569488525,-0.550000011920929,0.04999999701976776,0.11455900967121124,5.603599548339844,1.3463506698608398,0
1747351109.0415068,2.0400002002716064,47.3979347,8.5461943,-0.3799999952316284,-0.5299999713897705,0.05999999865889549,0.12856662273406982,6.576074123382568,1.3388723134994507,0
1747351109.14201,2.0390000343322754,47.3979347,8.5461941,-0.35999998450279236,-0.5099999904632568,0.07999999821186066,0.1468012034893036,7.893576622009277,1.3299072980880737,0
1747351109.2424498,2.0380001068115234,47.3979346,8.546194,-0.3499999940395355,-0.5,0.08999999612569809,0.1612963229417801,8.754276275634766,1.3262332677841187,0
1747351109.3428857,2.0360000133514404,47.3979346,8.5461939,-0.3400000035762787,-0.4699999988079071,0.10999999940395355,0.1887865662574768,10.09212589263916,1.3250184059143066,0
1747351109.4435449,2.0350000858306885,47.3979346,8.5461938,-0.32999998331069946,-0.4599999785423279,0.11999999731779099,0.2095000296831131,11.008452415466309,1.327075719833374,0
1747351109.5439825,2.0329999923706055,47.3979345,8.5461937,-0.3100000023841858,-0.41999998688697815,0.07000000029802322,0.2392548769712448,12.354071617126465,1.333828330039978,0
1747351109.6444323,2.0320000648498535,47.3979345,8.5461937,-0.28999999165534973,-0.3999999761581421,0.03999999910593033,0.2566196322441101,13.192648887634277,1.340598225593567,0
1747351109.744804,2.0320000648498535,47.3979345,8.5461936,-0.26999998092651367,-0.35999998450279236,0.029999999329447746,0.27890580892562866,14.335721015930176,1.3531138896942139,0
1747351109.8453147,2.0320000648498535,47.3979345,8.5461936,-0.25,-0.3400000035762787,0.029999999329447746,0.2931073307991028,15.027161598205566,1.3645907640457153,0
1747351109.9459884,2.0320000648498535,47.3979345,8.5461936,-0.22999998927116394,-0.29999998211860657,0.03999999910593033,0.3164112865924835,15.987161636352539,1.3866894245147705,0
1747351110.0463655,2.0320000648498535,47.3979344,8.5461935,-0.20999999344348907,-0.2800000011920929,0.04999999701976776,0.33341753482818604,16.590429306030273,1.4030365943908691,0
1747351110.1470144,2.0320000648498535,47.3979344,8.5461935,-0.1899999976158142,-0.23999999463558197,0.07000000029802322,0.36058518290519714,17.4497127532959,1.4299602508544922,0
1747351110.2475173,2.0310001373291016,47.3979344,8.5461935,-0.17999999225139618,-0.2199999988079071,0.07999999821186066,0.37896594405174255,17.989620208740234,1.4496541023254395,0
1747351110.3479545,2.0300002098083496,47.3979344,8.5461936,-0.1599999964237213,-0.17999999225139618,0.09999999403953552,0.4050995111465454,18.741418838500977,1.4810844659805298,0
1747351110.448361,2.0290000438690186,47.3979344,8.5461936,-0.14999999105930328,-0.14999999105930328,0.10999999940395355,0.4234049916267395,19.20172119140625,1.502947211265564,0
1747351110.5488048,2.0270001888275146,47.3979344,8.5461936,-0.11999999731779099,-0.09999999403953552,0.05999999865889549,0.4952274262905121,19.83314323425293,1.5292840003967285,0
1747351110.6492367,2.0270001888275146,47.3979344,8.5461937,-0.09999999403953552,-0.07000000029802322,0.03999999910593033,0.5960739850997925,20.218229293823242,1.5461045503616333,0
1747351110.749734,2.0270001888275146,47.3979345,8.5461937,-0.07000000029802322,-0.029999999329447746,0.019999999552965164,0.8175616264343262,20.75124168395996,1.5709272623062134,0
1747351110.8501384,2.0270001888275146,47.3979345,8.5461938,-0.04999999701976776,0.0,0.019999999552965164,0.9873222708702087,21.08184242248535,1.5888160467147827,0
1747351110.9505703,2.0280001163482666,47.3979345,8.5461939,-0.029999999329447746,0.03999999910593033,0.029999999329447746,1.2321319580078125,21.543546676635742,1.6180408000946045,0
1747351111.0510356,2.0280001163482666,47.3979345,8.546194,-0.009999999776482582,0.07000000029802322,0.04999999701976776,1.379421591758728,21.82927894592285,1.6392871141433716,0
1747351111.1516578,2.0280001163482666,47.3979346,8.5461941,0.0,0.10999999940395355,0.07000000029802322,1.5865366458892822,22.226924896240234,1.6733683347702026,0
1747351111.252398,2.0270001888275146,47.3979346,8.5461942,0.019999999552965164,0.14000000059604645,0.07999999821186066,1.7259037494659424,22.47293472290039,1.6979587078094482,0
1747351111.3528013,2.0260000228881836,47.3979346,8.5461944,0.03999999910593033,0.17999999225139618,0.09999999403953552,1.9447327852249146,22.81670570373535,1.735325813293457,0
1747351111.45321,2.0250000953674316,47.3979346,8.5461945,0.05999999865889549,0.20999999344348907,0.10999999940395355,2.093686819076538,23.0318603515625,1.7608542442321777,0
1747351111.5536604,2.0250000953674316,47.3979347,8.5461947,0.07999999821186066,0.25999999046325684,0.05999999865889549,2.308335065841675,23.33600616455078,1.8005387783050537,0
1747351111.6541164,2.0250000953674316,47.3979347,8.5461948,0.10999999940395355,0.28999999165534973,0.03999999910593033,2.439953088760376,23.526975631713867,1.8274532556533813,0
1747351111.75453,2.0250000953674316,47.397934799999994,8.546194999999999,0.14000000059604645,0.3400000035762787,0.019999999552965164,2.6215195655822754,23.79702377319336,1.868373990058899,0
1747351111.855039,2.0250000953674316,47.397934799999994,8.5461952,0.1599999964237213,0.3700000047683716,0.019999999552965164,2.736530303955078,23.967514038085938,1.8947663307189941,0
1747351111.9555478,2.0260000228881836,47.397934899999996,8.5461954,0.1899999976158142,0.41999998688697815,0.029999999329447746,2.905698537826538,24.21078109741211,1.931871771812439,0
1747351112.056047,2.0260000228881836,47.397934899999996,8.546195599999999,0.19999998807907104,0.4399999976158142,0.04999999701976776,3.0155162811279297,24.365312576293945,1.955974817276001,0
1747351112.1565173,2.0260000228881836,47.397935,8.546195899999999,0.22999998927116394,0.47999998927116394,0.07000000029802322,3.171257734298706,24.58745765686035,1.9890578985214233,0
1747351112.2569234,2.0250000953674316,47.397935,8.5461961,0.25,0.5099999904632568,0.07999999821186066,3.267141819000244,24.729812622070312,2.007054090499878,0
1747351112.3574421,2.0240001678466797,47.3979351,8.5461963,0.26999998092651367,0.550000011920929,0.09999999403953552,3.400648355484009,24.934879302978516,2.033815383911133,0
1747351112.4578216,2.0230000019073486,47.3979352,8.546196499999999,0.28999999165534973,0.5799999833106995,0.10999999940395355,3.4877567291259766,25.065908432006836,2.0511715412139893,0
1747351112.5587964,2.0220000743865967,47.3979353,8.546196799999999,0.3199999928474426,0.6200000047683716,0.05999999865889549,3.682828426361084,25.242502212524414,2.063688039779663,0
1747351112.6593113,2.0220000743865967,47.3979353,8.546197099999999,0.3499999940395355,0.6499999761581421,0.029999999329447746,3.888031244277954,25.33944320678711,2.066821575164795,0
1747351112.759961,2.0220000743865967,47.397935399999994,8.5461974,0.3799999952316284,0.699999988079071,0.019999999552965164,4.291628360748291,25.454620361328125,2.0641891956329346,0
1747351112.8603823,2.0220000743865967,47.397935499999996,8.5461976,0.3999999761581421,0.7199999690055847,0.019999999552965164,4.583502769470215,25.514280319213867,2.049207925796509,0
1747351112.961066,2.0230000019073486,47.3979356,8.546198,0.429999977350235,0.7599999904632568,0.029999999329447746,4.98883056640625,25.572851181030273,2.0247957706451416,0
1747351113.061626,2.0230000019073486,47.3979357,8.5461982,0.44999998807907104,0.7899999618530273,0.03999999910593033,5.222466468811035,25.586544036865234,2.0068721771240234,0
1747351113.1621046,2.0220000743865967,47.3979358,8.5461986,0.47999998927116394,0.8199999928474426,0.05999999865889549,5.528872966766357,25.56266212463379,1.9629908800125122,0
1747351113.2627861,2.0220000743865967,47.3979359,8.546198799999999,0.5,0.8399999737739563,0.07999999821186066,5.718571662902832,25.514039993286133,1.925707221031189,0
1747351113.3634033,2.0210001468658447,47.397936,8.5461992,0.5299999713897705,0.8799999952316284,0.09999999403953552,5.996008396148682,25.39242935180664,1.8710014820098877,0
1747351113.4639013,2.0199999809265137,47.397936099999995,8.546199399999999,0.550000011920929,0.8999999761581421,0.07999999821186066,6.174985408782959,25.282377243041992,1.8228996992111206,0
1747351113.5643067,2.0199999809265137,47.3979362,8.5461998,0.5999999642372131,0.949999988079071,-0.029999999329447746,6.4205732345581055,25.079689025878906,1.7345455884933472,0
1747351113.6647334,2.0220000743865967,47.3979363,8.5462001,0.6399999856948853,0.9699999690055847,-0.07999999821186066,6.560423851013184,24.921056747436523,1.6728456020355225,0
1747351113.7651134,2.0250000953674316,47.3979364,8.5462005,0.6899999976158142,1.0099999904632568,-0.10999999940395355,6.72884464263916,24.650320053100586,1.5701147317886353,0
1747351113.8655677,2.0270001888275146,47.3979365,8.5462008,0.7099999785423279,1.0299999713897705,-0.10999999940395355,6.815690517425537,24.448917388916016,1.4906014204025269,0
1747351113.9659617,2.0310001373291016,47.397936699999995,8.5462012,0.75,1.059999942779541,-0.08999999612569809,6.915982246398926,24.11531639099121,1.3682305812835693,0
1747351114.0664861,2.0329999923706055,47.3979368,8.5462015,0.7799999713897705,1.0799999237060547,-0.05999999865889549,6.966978073120117,23.873302459716797,1.283136248588562,0
1747351114.1669014,2.0360000133514404,47.397937,8.546202,0.8100000023841858,1.100000023841858,-0.029999999329447746,7.0231428146362305,23.485273361206055,1.1317424774169922,0
1747351114.267471,2.0370001792907715,47.3979371,8.5462023,0.8299999833106995,1.1200000047683716,0.0,7.045024871826172,23.21018409729004,1.029863715171814,0
1747351114.3679037,2.0380001068115234,47.397937299999995,8.5462027,0.85999995470047,1.1399999856948853,0.019999999552965164,7.052769660949707,22.77582550048828,0.8764337301254272,0
1747351114.4684918,2.0390000343322754,47.397937399999996,8.546203,0.8799999952316284,1.159999966621399,0.009999999776482582,7.044535160064697,22.47211265563965,0.7742733955383301,0
1747351114.5689583,2.0410001277923584,47.3979376,8.546203499999999,0.9300000071525574,1.1899999380111694,-0.07999999821186066,7.086684226989746,21.9824275970459,0.5994358658790588,0
1747351114.6696854,2.0429999828338623,47.3979377,8.546203799999999,0.9699999690055847,1.1999999284744263,-0.11999999731779099,7.187014102935791,21.62527084350586,0.47728511691093445,0
1747351114.7701132,2.0480000972747803,47.397937899999995,8.5462043,1.0199999809265137,1.2200000286102295,-0.14000000059604645,7.431366443634033,21.04847526550293,0.2857252359390259,0
1747351114.8705728,2.0510001182556152,47.3979381,8.5462046,1.0499999523162842,1.2300000190734863,-0.12999999523162842,7.615992546081543,20.64713478088379,0.14789775013923645,0
1747351114.9709728,2.05400013923645,47.3979383,8.5462051,1.0799999237060547,1.25,-0.08999999612569809,7.855408668518066,20.035274505615234,-0.05736854299902916,0
1747351115.0714982,2.057000160217285,47.397938499999995,8.5462054,1.1100000143051147,1.2599999904632568,-0.07000000029802322,7.975249290466309,19.62508773803711,-0.19164633750915527,0
1747351115.171879,2.059000015258789,47.3979387,8.5462059,1.1399999856948853,1.2799999713897705,-0.019999999552965164,8.110235214233398,19.00669288635254,-0.39022961258888245,0
1747351115.2723577,2.06000018119812,47.3979389,8.5462062,1.159999966621399,1.2799999713897705,0.0,8.187508583068848,18.590604782104492,-0.5206944346427917,0
1747351115.3727865,2.061000108718872,47.397939099999995,8.546206699999999,1.1899999380111694,1.2999999523162842,0.03999999910593033,8.30147933959961,17.958805084228516,-0.7128898501396179,0
1747351115.473421,2.061000108718872,47.3979393,8.546206999999999,1.209999918937683,1.309999942779541,0.029999999329447746,8.374689102172852,17.53371810913086,-0.8399873375892639,0
1747351115.5739703,2.063000202178955,47.3979395,8.5462075,1.2599999904632568,1.3199999332427979,-0.04999999701976776,8.464451789855957,16.894569396972656,-1.0271520614624023,0
1747351115.674397,2.065000057220459,47.397939699999995,8.5462078,1.2899999618530273,1.3299999237060547,-0.08999999612569809,8.501971244812012,16.469797134399414,-1.147200584411621,0
1747351115.7748406,2.068000078201294,47.39794,8.5462083,1.3399999141693115,1.3399999141693115,-0.10999999940395355,8.521040916442871,15.836926460266113,-1.3200854063034058,0
1747351115.8752291,2.070000171661377,47.3979402,8.5462086,1.3700000047683716,1.3399999141693115,-0.09999999403953552,8.513127326965332,15.418282508850098,-1.432225227355957,0
1747351115.9758017,2.073000192642212,47.3979405,8.5462091,1.409999966621399,1.350000023841858,-0.05999999865889549,8.479185104370117,14.793989181518555,-1.5915640592575073,0
1747351116.076489,2.074000120162964,47.3979407,8.5462095,1.4299999475479126,1.350000023841858,-0.029999999329447746,8.445444107055664,14.37985897064209,-1.6918150186538696,0
1747351116.176924,2.076000213623047,47.397940999999996,8.54621,1.459999918937683,1.3600000143051147,0.0,8.379220008850098,13.762473106384277,-1.8338435888290405,0
1747351116.2773337,2.077000141143799,47.3979412,8.5462103,1.4800000190734863,1.3600000143051147,0.029999999329447746,8.322417259216309,13.353171348571777,-1.9206249713897705,0
1747351116.3777127,2.076000213623047,47.397941499999995,8.546210799999999,1.5099999904632568,1.3700000047683716,0.07000000029802322,8.216780662536621,12.743398666381836,-2.040830135345459,0
1747351116.4781315,2.076000213623047,47.3979417,8.546211099999999,1.5299999713897705,1.3700000047683716,0.05999999865889549,8.136592864990234,12.33864974975586,-2.1148288249969482,0
1747351116.578552,2.076000213623047,47.397942,8.5462116,1.5699999332427979,1.3700000047683716,-0.019999999552965164,8.077180862426758,11.712198257446289,-2.221587896347046,0
1747351116.6792936,2.078000068664551,47.397942199999996,8.5462119,1.6100000143051147,1.3700000047683716,-0.05999999865889549,8.116436958312988,11.270816802978516,-2.293588399887085,0
1747351116.7797387,2.080000162124634,47.3979426,8.5462124,1.659999966621399,1.3700000047683716,-0.07999999821186066,8.277352333068848,10.577611923217773,-2.40334153175354,0
1747351116.8802288,2.0820000171661377,47.397942799999996,8.5462127,1.6799999475479126,1.3700000047683716,-0.07000000029802322,8.408574104309082,10.106691360473633,-2.4742867946624756,0
1747351116.980655,2.0840001106262207,47.3979432,8.5462132,1.71999990940094,1.3700000047683716,-0.029999999329447746,8.570682525634766,9.40744400024414,-2.5714690685272217,0
1747351117.0810864,2.0850000381469727,47.397943399999996,8.5462135,1.7400000095367432,1.3600000143051147,-0.009999999776482582,8.641377449035645,8.951074600219727,-2.6287384033203125,0
1747351117.181494,2.0850000381469727,47.3979438,8.546213999999999,1.7699999809265137,1.3600000143051147,0.029999999329447746,8.707016944885254,8.280169486999512,-2.703721284866333,0
1747351117.281938,2.0850000381469727,47.397943999999995,8.546214299999999,1.7799999713897705,1.3600000143051147,0.05999999865889549,8.741652488708496,7.838805198669434,-2.7470359802246094,0
1747351117.3823516,2.0840001106262207,47.3979444,8.5462147,1.809999942779541,1.3600000143051147,0.09999999403953552,8.796734809875488,7.181652545928955,-2.803062677383423,0
1747351117.4828007,2.0830001831054688,47.3979447,8.546215,1.8199999332427979,1.350000023841858,0.08999999612569809,8.833354949951172,6.747544765472412,-2.834611654281616,0
1747351117.5832012,2.0820000171661377,47.397945,8.546215499999999,1.8600000143051147,1.350000023841858,0.05999999865889549,8.871338844299316,6.1061530113220215,-2.871643543243408,0
1747351117.6836288,2.0820000171661377,47.397945299999996,8.546215799999999,1.8799999952316284,1.3399999141693115,0.04999999701976776,8.87634563446045,5.687447547912598,-2.8887367248535156,0
1747351117.7840462,2.0810000896453857,47.3979457,8.5462162,1.909999966621399,1.3399999141693115,0.04999999701976776,8.849156379699707,5.0740838050842285,-2.9022719860076904,0
1747351117.8846736,2.080000162124634,47.397946,8.5462165,1.9299999475479126,1.3399999141693115,0.07000000029802322,8.811517715454102,4.675007343292236,-2.9038515090942383,0
1747351117.9853299,2.078000068664551,47.397946399999995,8.546217,1.9499999284744263,1.3299999237060547,0.08999999612569809,8.7356595993042,4.089771270751953,-2.8954555988311768,0
1747351118.085724,2.077000141143799,47.3979466,8.5462173,1.96999990940094,1.3299999237060547,0.10999999940395355,8.675912857055664,3.708009958267212,-2.8828561305999756,0
1747351118.1861238,2.074000120162964,47.397946999999995,8.5462177,1.9900000095367432,1.3199999332427979,0.14000000059604645,8.573376655578613,3.1472911834716797,-2.854543685913086,0
1747351118.286567,2.072000026702881,47.3979473,8.546218,2.009999990463257,1.309999942779541,0.1599999964237213,8.49468994140625,2.781611680984497,-2.828397512435913,0
1747351118.386946,2.068000078201294,47.397947699999996,8.546218399999999,2.0299999713897705,1.309999942779541,0.1899999976158142,8.359028816223145,2.2458739280700684,-2.7784130573272705,0
1747351118.4874632,2.065000057220459,47.397948,8.546218699999999,2.0399999618530273,1.2999999523162842,0.17000000178813934,8.260270118713379,1.8958230018615723,-2.740078926086426,0
1747351118.5879138,2.061000108718872,47.3979484,8.5462191,2.069999933242798,1.2899999618530273,0.12999999523162842,8.173222541809082,1.352304220199585,-2.680635929107666,0
1747351118.6883059,2.059000015258789,47.3979487,8.5462194,2.0899999141693115,1.2799999713897705,0.10999999940395355,8.19274616241455,0.9630305767059326,-2.643827438354492,0
1747351118.7886813,2.057000160217285,47.3979492,8.5462198,2.109999895095825,1.2599999904632568,0.10999999940395355,8.32175064086914,0.34344375133514404,-2.594285249710083,0
1747351118.8890905,2.055000066757202,47.397949499999996,8.5462201,2.129999876022339,1.2599999904632568,0.10999999940395355,8.430944442749023,-0.07749945670366287,-2.5611138343811035,0
1747351118.989482,2.052000045776367,47.3979499,8.5462205,2.1499998569488525,1.2400000095367432,0.12999999523162842,8.560724258422852,-0.6938866972923279,-2.5040457248687744,0
1747351119.0899196,2.0500001907348633,47.3979502,8.5462208,2.169999837875366,1.2300000190734863,0.14000000059604645,8.610573768615723,-1.0883338451385498,-2.460533380508423,0
1747351119.1903303,2.0470001697540283,47.397950599999994,8.5462211,2.190000057220459,1.2200000286102295,0.1599999964237213,8.64535903930664,-1.657384991645813,-2.3875341415405273,0
1747351119.29093,2.0440001487731934,47.3979509,8.5462214,2.200000047683716,1.209999918937683,0.17999999225139618,8.659353256225586,-2.026569128036499,-2.3345611095428467,0
1747351119.39134,2.0400002002716064,47.3979514,8.5462218,2.2100000381469727,1.1999999284744263,0.19999998807907104,8.683435440063477,-2.5707077980041504,-2.251209259033203,0
1747351119.4917688,2.0380001068115234,47.3979517,8.546222,2.2300000190734863,1.1899999380111694,0.17999999225139618,8.699525833129883,-2.926758289337158,-2.194344997406006,0
1747351119.5921624,2.0340001583099365,47.3979521,8.5462224,2.25,1.159999966621399,0.12999999523162842,8.70717716217041,-3.445690393447876,-2.103578805923462,0
1747351119.6926093,2.0329999923706055,47.3979524,8.5462227,2.2699999809265137,1.149999976158142,0.10999999940395355,8.692255020141602,-3.7787132263183594,-2.0387072563171387,0
1747351119.7932508,2.0310001373291016,47.3979529,8.546223,2.2899999618530273,1.1299999952316284,0.09999999403953552,8.635321617126465,-4.25667142868042,-1.935865044593811,0
1747351119.89369,2.0290000438690186,47.397953199999996,8.5462233,2.299999952316284,1.1200000047683716,0.10999999940395355,8.577910423278809,-4.561534881591797,-1.8650603294372559,0
1747351119.9941335,2.0270001888275146,47.397953699999995,8.5462236,2.319999933242798,1.100000023841858,0.11999999731779099,8.472169876098633,-5.000311851501465,-1.7533836364746094,0
1747351120.0945108,2.0250000953674316,47.397954,8.5462238,2.3399999141693115,1.0799999237060547,0.12999999523162842,8.392315864562988,-5.281660079956055,-1.6756731271743774,0
1747351120.1948636,2.0230000019073486,47.3979545,8.5462242,2.3499999046325684,1.059999942779541,0.14999999105930328,8.259081840515137,-5.68826961517334,-1.5603746175765991,0
1747351120.2952402,2.0210001468658447,47.3979548,8.5462244,2.359999895095825,1.0499999523162842,0.1599999964237213,8.159504890441895,-5.948736190795898,-1.480726718902588,0
1747351120.3956263,2.0180001258850098,47.3979553,8.5462247,2.379999876022339,1.0299999713897705,0.17999999225139618,7.99185037612915,-6.32280158996582,-1.3569755554199219,0
1747351120.496032,2.015000104904175,47.397955599999996,8.5462249,2.3899998664855957,1.0199999809265137,0.1599999964237213,7.871583461761475,-6.562999725341797,-1.276224136352539,0
